(Do Not Modify) Case,(Do Not Modify) Row Checksum,(Do Not Modify) Modified On,Case Title,ERP Order Number,Store Number,Customer,Status,Case Type,Main Category,Sub-Category,Created On,Created By,Priority,Case Origin
1f62b84f-0c3d-ea11-a812-000d3a202813,pkYI25xFTy0hCn+OF+cQmAQWgTOLUjxP6gTXAlvWf3n4NTUqVBhEBj7zZnuOA3U+s4ZOM7eU5Zl8CVvoE2jqyw==,22-02-20 6:01,,w,503 Jeddah South Store,a,Voucher Number Updated,Complaint,Product*,Damage,22-01-20 14:42,LinkDevKM #,Normal,FLOW
f6eb632e-ce32-ea11-a813-000d3a200b79,TRHdGwA8Vj0p3AfKSXBvbM1LVSmODo/xmRcfpW2zY1lSK/fEa+LwoeJmenwWa1ylyHL6H3zpMMhkxE8QBCQkOA==,25-02-20 6:02,,123,065 Dhahran Store,"""Tariq Senosy",Voucher Number Updated,Complaint,Product*,Damage,09-01-20 13:52,LinkDevKM #,Normal,FLOW
66d3adc5-9f30-ea11-a810-000d3a202813,Dn7qfJNiXkjVffDNDyXpzev1bfYaOgiw7C2z9Frt2XpKpijXgT6EDwwIGzI26I770jjJN22q5+s1YLECfajbnw==,23-02-20 6:03,,CRMOrd-00349,505 DC Riyadh,Sandro Nassief,New,Complaint,Product*,Wrong Product,06-01-20 19:15,LinkDevKM #,Normal,Call Center
da3bd509-ba2f-ea11-a810-000d3a200e52,1Dz6ycn286GxNbl8U4e3GYlCdPz81M7WtlMSDQEfBKLk/tRHVvCS0HFQ40MZgiZdH7xLCOIL626ThwO8iaB/sA==,25-02-20 6:02,,123,065 Dhahran Store,"""Tariq Senosy",New,Complaint,Product*,Damage,05-01-20 15:51,LinkDevKM #,Normal,Store
3147460a-142b-ea11-a810-000d3a20090f,VPHM9wHUYvd3QzkjMJnuN13WhiPDzZOoZRvyUmwS2N8Q1G37JUo4loJ9lNthzrW1qCweqBBtPLZERL84P/VJug==,25-02-20 6:02,,502,503 Jeddah South Store,a,New,Requests,Change Home Delivery Date,,30-12-19 17:52,LinkDevKM #,Normal,Call Center
312ef20b-142b-ea11-a810-000d3a200e52,+DFlVaofO4a88hDB5Len+d/PZRy/lK/n4t8zHh906HO6VFN6nVbv/z9Cx0f/76CeChzL3rxzyAilFpmsp2c7bw==,25-02-20 6:02,,505-CRM-0000000117,505 DC Riyadh,a,New,Requests,Change Phone Number,,30-12-19 17:52,LinkDevKM #,Normal,Call Center
a9ce39fa-102b-ea11-a810-000d3a20090f,57AOyL8rvsjTyJvNzGVI+Cwxbf5p/o6Bmi3hwCHoo2QtUnowpXvchT1AqZeRU3gj9n6xqoCyVGec7jmfieYXlA==,25-02-20 6:02,,,,a,New,Requests,Change Phone Number,,30-12-19 17:30,LinkDevKM #,Normal,Call Center
cdbc668f-0e2b-ea11-a810-000d3a20090f,1DtESMJe9SpINAkYwYs4GJDcUJ4PGdzwGrkJ5F9KCC3osL4qV4mKGti4JGr3x8xp3mSdqLU0ldNlxrbwFejEqQ==,25-02-20 6:02,,,,a,New,Requests,Change Phone Number,,30-12-19 17:13,LinkDevKM #,Normal,Call Center
85556328-0e2b-ea11-a810-000d3a20090f,eVxQivGe9O6iQxpzkveglBN+T/NxrvJ0pluHB7dYLWwmOV0M2LBxbfEQ6nYXB1l9MbqQNAP9eJIRWgiyiKNFAw==,25-02-20 6:02,,,,a,New,Requests,Change Phone Number,,30-12-19 17:10,LinkDevKM #,Normal,Call Center
cf07ec36-7d2a-ea11-a810-000d3a20090f,WL5lFhA5ptAXdRWC48m95J/3fDKMUVAR4D+t+P3OvtElkmy7GAMRupOEqtff5fS3wTCd4SBqYLpAGWUeU3ZKGQ==,22-02-20 6:01,,w,503 Jeddah South Store,a,Voucher Number Updated,Complaint,Product*,Damage,29-12-19 23:53,LinkDevKM #,Normal,FLOW
cd647064-512a-ea11-a810-000d3a20090f,HU/pDZy0Q+JkFbJGHEpdLYow99eqcu3vW8zCATwHpCp9hu3pAZN2LPZQx3MxsTQUsUaJ8Sh2dV6QoeDLfyccEg==,24-02-20 6:02,,123,505 DC Riyadh,aa,Assigned to CCC Back Office Leaders,Requests,Change Home Delivery Date,,29-12-19 18:39,LinkDevKM #,Normal,FLOW
0b2cb785-502a-ea11-a810-000d3a20090f,NdhmbIF7jqmkK7YZnzKV6fUAyvRzutEt8YmHvbg6PYzWlUNR8kJ2K0+TbfPIW08Rqx0+iVPEAJXlMfYVF4RA6A==,24-02-20 6:02,,123,505 DC Riyadh,a,New,Requests,Change Home Delivery Date,,29-12-19 18:33,LinkDevKM #,Normal,Call Center
cab9d6b0-402a-ea11-a810-000d3a20090f,oB3r752RgiO1gWqW59wC6MoYE5hzDqgZd5ATBbi1Ljk2XeedWug39JP32f+nAaldYjylP7rlHUFYokoD3/O6nw==,01-01-20 3:01,,CRMOrd-00019,065 Dhahran Store,Sandro Nassief,New,Requests,Storage,,29-12-19 16:39,SYSTEM,Normal,FLOW
2d708dd3-dd27-ea11-a810-000d3a200b79,W3Kfumit+SOL8gzM/Uh84O1sWj+AiWvogMC2ikK0vywO5kkg6OJBuD7qLtvCmTO56TjKIZhhfn34EIowEOSDjA==,24-02-20 6:02,,w,503 Jeddah South Store,a,New,Complaint,Product*,Wrong Product,26-12-19 15:47,LinkDevKM #,Normal,Call Center
b973ce83-b624-ea11-a810-000d3a200b79,nAl7NJJFGtMPkI1G8HuKnUmCpWSnYgk5EPGb5s5SARIiCZmsSziIz1alFcP4kpS0UAHv4uovmW6sJjdLTSZ+VQ==,23-02-20 6:03,,e,503 Jeddah South Store,a,New,Requests,Change Home Delivery Date,,22-12-19 15:28,LinkDevKM #,Normal,Call Center
641cf4d8-b324-ea11-a810-000d3a200b79,KPfqhGcKrtMYed2sPGTX7BjKkyKKZoab/jaT2uInb7t86M6xFWNGwVsVn0BaUcKJcrWoy2mB8DCR+u2sQr3+/g==,29-12-19 12:41,,t,503 Jeddah South Store,a,New,Requests,Storage,,22-12-19 15:09,SYSTEM,Normal,Call Center
d7eab24e-5322-ea11-a810-000d3a202e6a,3qBIIg1pRbTq+YPiej5x8OSkq+dWbsQRhDVPjs05oFm6hbZXwSKvAVHqnBZG+F8BPnd0piFA3iZ2W2hzSJIISQ==,23-02-20 6:03,,w,503 Jeddah South Store,a,New,Requests,Change Home Delivery Date,,19-12-19 14:33,LinkDevKM #,Normal,Call Center
5ac18fe2-5222-ea11-a810-000d3a202e6a,7ceOUKRD7tR5aulRNnCR/vETaevTB+eDrIvRntafjgigg9afHPc2ozghFoLCuQv7+LGKjakDXhUFHlCJV40teQ==,23-02-20 6:03,,w,503 Jeddah South Store,a,Assigned to CCC Back Office Leaders,Requests,Change Home Delivery Date,,19-12-19 14:30,LinkDevKM #,Normal,Web
885d286a-9021-ea11-a810-000d3a202e6a,uIzWrl2T7HOwoa5ICuAEnghudwH12uai1J8yrrFrHGbpDmpMUrpPDJ3IVVC4t7u74l92MU/y1QkvNK1QdgTW8A==,23-02-20 6:03,,505-CRM-0000000516,,Sandro Nassief,New,Complaint,Product,Excess,18-12-19 15:18,LinkDevKM #,Normal,
f2c8660e-bf20-ea11-a810-000d3a20090f,jLVoFLrI49pp2hc7kZVf/WxQdUc4mQYIPa3qk31XfSsr4K70ZSiGwxnbifHrAp6U5AgGrPX8DgoI9WInaEXFXQ==,23-02-20 6:03,,w,503 Jeddah South Store,a,New,Requests,Change Home Delivery Date,,17-12-19 14:19,LinkDevKM #,Normal,Call Center
c7e86dd7-421f-ea11-a810-000d3a200b79,prLZesVB8o31huVEuEJCgmX3twAxnAXxsGhop9O+KGTfH+DzWDuiqJsPoj1yp5mOArEd24KrrSJAX5MAxpxW7Q==,29-12-19 12:41,,w,503 Jeddah South Store,a,New,Requests,Storage,,15-12-19 16:57,SYSTEM,Normal,Call Center
f24a46b8-421f-ea11-a810-000d3a200b79,eRd/HjQ+u4+dwIRlZ3JLZWtYTWT1lTPTh/I6xbcq2lujRU2uCHMURg9TMzkjU/4svAieMG110i/gzyCrs6Wzbg==,23-02-20 6:03,,w,503 Jeddah South Store,a,Assigned to CCC Back Office Leaders,Requests,Change Home Delivery Date,,15-12-19 16:56,LinkDevKM #,Normal,Call Center
bed458ae-361f-ea11-a810-000d3a200b79,Szna8K56i0YSvO56Ip6a7wk5HSXx5FrEDEnuMVlTYzb7ALCFwqfvGMl01wGr5hkvlQWLUv1OESRVctg+4cmycQ==,29-12-19 12:41,,213,505 DC Riyadh,aa,New,Requests,Storage,,15-12-19 15:30,SYSTEM,Normal,Call Center
6b9501fb-d11c-ea11-a811-000d3a200cf3,4tgAL+6GkpFR5C5ddGw3f7HsYGfU3kI6glYgrjr7jCCK27+A0hII+n6Nq2cSnJAHlGx8KekVIowPsugHDLFzHA==,29-12-19 12:41,,123,505 DC Riyadh,aa,New,Requests,Storage,,12-12-19 14:24,SYSTEM,Normal,Call Center
a1fdf25e-ca1c-ea11-a811-000d3a200cf3,90PhR99LVXwwUU2MLTYmDeJTmhkbKU72GgEMsOJwIY017zHR3L9ls2sBnQDOkVXKm1fwyHIDmS6ByLnXbkWibA==,23-02-20 6:03,,123,505 DC Riyadh,aa,Assigned to CCC Back Office Leaders,Requests,Change Home Delivery Date,,12-12-19 13:30,LinkDevKM #,Normal,Call Center
a6f6142f-c51c-ea11-a811-000d3a200cf3,S/3uubpQbAP3igZibngHU5R/3MKeJ/LLjTLdSqfx3UmCPe1j4km5NAs0aH5anp/MT9hvM0UMiIhCwVZ+Y5mE2Q==,23-02-20 6:03,,21,505 DC Riyadh,Account 1,New,Requests,Change Home Delivery Date,,12-12-19 12:53,LinkDevKM #,Normal,Call Center
02f7f3f0-381c-ea11-a811-000d3a200b79,LCNtPifOGx+zUXUUU8MEdxbvojicTQ9ozczwf/iXHNMjo9ySidvFAfWdO88OWS6fYpkLMmnu3fiBS8ZJHS/gvw==,29-12-19 12:41,,505-CRM-0000000566,505 DC Riyadh,Sandro Nassief,New,Requests,Cancel Order,,11-12-19 20:09,LinkDevKM #,Normal,Call Center
9f649c45-381c-ea11-a811-000d3a200b79,5J5evDHXEtsTQTT+urp0M//eJrqBgtlbMJut8D9IUvmDxfiK/bmXV/f8oJ/0wBqhYlPqglLtsoE6sEDeL8wfzw==,29-12-19 12:41,,505-CRM-0000000566,505 DC Riyadh,Sandro Nassief,New,Requests,Cancel Order,,11-12-19 20:04,LinkDevKM #,Normal,Call Center
c0907518-351c-ea11-a811-000d3a200cf3,y2ZWwp9TDPkezoiJ+2+PB2Pfi8tVZn9cAsw0XsZvCzN598GxeVzxfuZN2KQpCPrZvf2DLmdqzxany2jxW/uUkA==,23-02-20 6:03,,123,505 DC Riyadh,aaa,New,Requests,Change Home Delivery Date,,11-12-19 19:41,LinkDevKM #,Normal,Call Center
2e0e49ad-2d1c-ea11-a811-000d3a202813,M/wOsmBhcMZhn4YN1pM38AsGOZ7uLbyhLTO/Y8cPem5RS9RhDWWPpwceHv2M4x45Ch/UEg2DKbN8N1ej4LkFuQ==,29-12-19 12:41,,WEB00000021,407 DC Store,Sandro Nassief,New,Requests,Cancel Order,,11-12-19 18:48,LinkDevKM #,Normal,Call Center
31f95772-131c-ea11-a811-000d3a200cf3,BzjB/fvI21T8Rz6hrbwSwn2sRoVGChFRXGjZ+AXu6nNuwYdVsGbvDWsYL+ASGd8J2srBY8j7jB4XCGoR5XdtBg==,23-02-20 6:03,,1123,505 DC Riyadh,Account 1,New,Requests,Change Home Delivery Date,,11-12-19 15:40,LinkDevKM #,Normal,Call Center
9a8ea872-0e1c-ea11-a811-000d3a200cf3,p9OEEc74Y3WsW8m8uTQ+k7GvDQP4uWDjICoWHkCMaQVWWsYMKpfKixxz4dG9X9Ki0eLEJCnG4/VHxfJRJIb7fw==,23-02-20 6:03,,123,505 DC Riyadh,aa,Assigned to CCC Back Office Leaders,Requests,Change Home Delivery Date,,11-12-19 15:05,LinkDevKM #,Normal,Call Center
004555f4-0d1c-ea11-a811-000d3a200cf3,ueZ5O/b3fcFzHVQi5Cfxp0sIZaDGl1glEEoNy1CD+Osvi057cfcLlrO7ZPLdR52W2PW24m4z5iSkMbfYqSDIYg==,23-02-20 6:03,,4523,505 DC Riyadh,aa,New,Requests,Change Home Delivery Date,,11-12-19 15:01,LinkDevKM #,Normal,Call Center
fafc7453-0c1c-ea11-a811-000d3a200cf3,D2MRSya9jUT+L3JL6s2sRzu0wZ11tWCC1Z72nd0IC5uicWFYApc5r+dJXEem2i1i2Hut5GHk1TOa8hEpTPX3cg==,23-02-20 6:03,,123,505 DC Riyadh,Account 1,New,Requests,Change Home Delivery Date,,11-12-19 14:49,LinkDevKM #,Normal,Call Center
ab50650b-0c1c-ea11-a811-000d3a200cf3,gLrAENffaxQ9pg0o9X6obypdqG6xFSDiPde3V0iqYCf8D4No4P/now2IM0W6PP6UNq951LsiShqBxTrK6nZ91A==,29-12-19 12:41,,123,505 DC Riyadh,aa,New,Requests,Storage,,11-12-19 14:47,SYSTEM,Normal,Call Center
1eab7174-0b1c-ea11-a811-000d3a200cf3,PLho3XnWxlHxvAhX0PL+/MqHjq1GvX11IcPwoeriFOrc0NNliDtkEZMNxT35rky8Wrj/f/O0DPCDJSaeEJX4Og==,23-02-20 6:03,,123,505 DC Riyadh,aa,New,Requests,Change Home Delivery Date,,11-12-19 14:43,LinkDevKM #,Normal,Call Center
4eed5302-0b1c-ea11-a811-000d3a200cf3,uvMk6Epk/D1Eim9Zy0fadyj+8xvRxyUPwS2iBnVKxKlh99YPMKkNteFocjCDn6DDue+MUIJyPbrPVIpBcm6toQ==,23-02-20 6:03,,123,505 DC Riyadh,Account 1,New,Requests,Change Home Delivery Date,,11-12-19 14:40,LinkDevKM #,Normal,Call Center
0349f331-081c-ea11-a811-000d3a200cf3,c9nmjYT8xLBW/xYVXGRWj2BpksozpOcCDRuKEa07elVm1lyfRqtifOilDbjxxZHAPG7h1yCm47pjJWGVd1Pdng==,23-02-20 6:03,,ww,505 DC Riyadh,aa,New,Requests,Change Home Delivery Date,,11-12-19 14:20,LinkDevKM #,Normal,Call Center
d20c5bde-ff1b-ea11-a811-000d3a200cf3,rxwBixO/n1N21ZUP73DN/b2UKu3xebPp1oc5s+Z7+ag/uEZKz/0X6jNbeFL/mlvsmLvTdrMbOsuwvNg1TYRfiw==,23-02-20 6:03,,123,505 DC Riyadh,Account 1,New,Requests,Change Home Delivery Date,,11-12-19 13:20,LinkDevKM #,Normal,Call Center
8522d661-471b-ea11-a811-000d3a20090f,ciT5VBF8o3B/CnXr4/9ci4QVTUdIiHCW6T60JvrQCzPdoK1l4rmjhDD1yXSve5riyViyUNfO5pl/eccqCDlERw==,23-02-20 6:03,,117,503 Jeddah South Store,account 2,Waiting for Voucher Number,Complaint,Product*,Damage,10-12-19 15:20,LinkDevKM #,Normal,FLOW
15c0fd41-461b-ea11-a811-000d3a200cf3,sI/pJNW0yWodUcXfrSkf0kNnIQ1AOqMVHTLXwa6WcCbDEEHAMJ3EkO5E3egR5bMRLlhxuUoAo69H+d0bkon6Fw==,23-02-20 6:03,,123,505 DC Riyadh,Account 1,New,Requests,Change Home Delivery Date,,10-12-19 15:12,LinkDevKM #,Normal,Call Center
36c5f8f7-381b-ea11-a811-000d3a200b79,DgeSbI9d4e1BGKuPZYasCbk9/bx0kkmh+k+O53hqGNUxwwkVbcOH5szwtJlLy7iLMRDBwBc50zT32/FOznefRw==,23-02-20 6:03,,e,503 Jeddah South Store,a,Assigned to CCC Frontline,Complaint,Product*,Missing,10-12-19 13:36,CCCFLTA #,Normal,Call Center
a0e3c4ec-981a-ea11-a811-000d3a200e52,scE8tlWWqX3Xksr4vApy5caf7YXIIsXDVRMOlYNCrNKYxI/j9CtAfAvWMUtfv4H7xxo2055oTcYNrIRoRi6m6A==,29-12-19 12:41,,065-CRMS-0000000251,065 Dhahran Store,Sandro Nassief,New,Requests,Cancel Order,,09-12-19 18:31,LinkDevKM #,Normal,Call Center
cafcab37-d319-ea11-a811-000d3a200cf3,tRijNFc1IkRXQhtGYrNyt89DuFhW9k2lY413Nx4+7nYpFc1eVteMMF4GYAMoWl1ZZ8bxvegq+EQqtp85iHmAYg==,29-12-19 12:41,,065-CRMS-0000000251,065 Dhahran Store,Sandro Nassief,New,Requests,Cancel Order,,08-12-19 18:55,LinkDevKM #,Normal,Call Center
93d431f3-c719-ea11-a811-000d3a200cf3,dP8RpS91gmRvpoQ/0lSCk2Ll2Q9JQOPh0qVf37uetUQPyQWJFWD4MblFo3AhclM81A/1pwx99CQ1E2UGbgidTQ==,29-12-19 12:41,,065-CRMS-0000000251,065 Dhahran Store,Sandro Nassief,New,Requests,Cancel Order,,08-12-19 17:35,LinkDevKM #,Normal,Call Center
e37722c3-b919-ea11-a811-000d3a200cf3,RRoDqf+Ahv5nG4Whby5empN2Q5tEY5KownaB5AIgH/RTdUqbGI9qp8GB2MUyJkAHbUN6gnEBEeHhq0cTPUbPjQ==,29-12-19 12:42,,505-CRM-0000000548,505 DC Riyadh,Sandro Nassief,New,Requests,Cancel Order,,08-12-19 15:53,LinkDevKM #,Normal,Call Center
0ac3cb57-7717-ea11-a811-000d3a200cf3,503FFMis0XFlGaTzPkp6BKiE5gttaVH8nxdTq0OE2ozTB5RdqV2mgsvFxkrVfEo3Oc6kYYrUSFBy7uLcZ4JtMw==,29-12-19 12:42,,505-CRM-0000000117,505 DC Riyadh,Sandro Nassief,New,Requests,Cancel Order,,05-12-19 18:53,LinkDevKM #,Normal,Call Center
4a18fdbc-a016-ea11-a811-000d3a200cf3,kgHBE7jBo5FVsR+pqKPC3+CXIABeF3yTz9LRQsyUuUCJWpXNeDVeAjVBeeQjXVsTV2lkDwkdwc76gwIUF5XaNQ==,29-12-19 12:43,,505-CRM-0000000117,505 DC Riyadh,Sandro Nassief,New,Requests,Cancel Order,,04-12-19 17:17,LinkDevKM #,Normal,Call Center
ba7b15f8-9916-ea11-a811-000d3a200cf3,WAVI/O+UnTH+Qf/BCrxp21Rn+pmm0YKGD/uZze2AJgnaQVUprqgg+SXK037WRU6jc6ZZlJiHT1j0/gB2hTss9Q==,29-12-19 12:43,,505-CRM-0000000117,505 DC Riyadh,Sandro Nassief,Assigned to CCC Back Office,Requests,Cancel Order,,04-12-19 16:28,LinkDevKM #,Normal,FLOW
2cb839c2-9916-ea11-a811-000d3a200cf3,39f0y+mrqiHlWA7hZSEdBGpRR1JReUL3kkntK82mAQV623dn+4PkvZ69Nu/jolyh66SViw5TbNxpEp12ofLqPA==,29-12-19 12:43,,505-CRM-0000000117,505 DC Riyadh,Sandro Nassief,New,Requests,Cancel Order,,04-12-19 16:27,LinkDevKM #,Normal,Call Center
9dd9b562-9116-ea11-a811-000d3a200cf3,/h+j/dViJR5z/Z4VP/h/+wMilAfOM6vh1caqovw2NpBqjrEMQC1Gn01N0Tswp7VWEIgtSwjNfoemsyGNADaVsQ==,23-02-20 6:03,,117,505 DC Riyadh,"""Tariq Senosy",Voucher Number Updated,Complaint,Product*,Damage,04-12-19 15:27,LinkDevKM #,Normal,FLOW
47e1ea8d-fd15-ea11-a811-000d3a200e52,SVTkEny7nPQT9AhDQKmck0gQXvoNjhyA4r4EAZUYd90+aLS67w8oRQErHKIDtkKEFGpM+dqO63Xp8dP2jwS/KQ==,23-02-20 6:03,,2468,505 DC Riyadh,Account 1,New,Complaint,Product*,Wrong Product,03-12-19 21:49,LinkDevKM #,Normal,Call Center
21e686c2-f815-ea11-a811-000d3a200e52,9RjDz7BrsVhTw71GkYZPYP5ibEB0SMeI+TI7kH2ynfPEPU3+OZ3CT5dHLfGtP9LbOot/F91eeJ+Jws7tIwJ/xA==,23-02-20 6:03,,123,505 DC Riyadh,aa,New,Complaint,Product*,Wrong Product,03-12-19 21:14,LinkDevKM #,Normal,Call Center
9051fa4b-f715-ea11-a811-000d3a200e52,Ei4wE6SOha3NuI2w2x0C4sDTsWPXIS/zD6jJh7fvIi2Sv644BQbJxFD5gzD/M9xlOy/In+RXlDIy1m+F3s/iug==,23-02-20 6:03,,123,505 DC Riyadh,aa,New,Complaint,Product*,Missing,03-12-19 21:04,LinkDevKM #,Normal,Call Center
8d53cfcb-dd15-ea11-a811-000d3a200e52,WGQRePdkckna8HEXZp1fOXfHpFHC6jxXeSSu3DlRiRP3/gvUKWfU1uAX/4UpjMw23AX3qX5+aSa1O71xZh58yA==,23-02-20 6:03,,e,503 Jeddah South Store,a,New,Complaint,Product*,Missing,03-12-19 18:01,LinkDevKM #,Normal,Call Center
76a16609-dd15-ea11-a811-000d3a200e52,MOBbco/3StR3PQOyCbetzd3XunaCOYuVQzVwnbyqudecM0ZEd3q871e0iwIeKpuKnzS030T58KGzzvBPSUmUPQ==,23-02-20 6:03,,w,503 Jeddah South Store,a,New,Complaint,Product*,Missing,03-12-19 17:56,LinkDevKM #,Normal,Call Center
4e804183-d415-ea11-a811-000d3a200b79,CjypykamuPfKdFjHPVe6TpgS/x8PCv9jKUim/YJnRuKPYdiTsTdTYvEbrP448piFar6JVa6fkjvDxdQCXNya/g==,29-12-19 12:43,,505-CRM-0000000117,505 DC Riyadh,Sandro Nassief,New,Requests,Cancel Order,,03-12-19 16:55,LinkDevKM #,Normal,MOC
7182e09f-c615-ea11-a811-000d3a200e52,NFcHWLLvRnKCF6WGV/yqy8zoSOh4SSjIn6z0Wu0Rw+Iod8EGPvMQmb6hv/Li002ygICxP17A6OseYGSmyIjzvA==,23-02-20 6:03,,123,505 DC Riyadh,a,New,Complaint,Product*,Wrong Product,03-12-19 15:15,LinkDevKM #,Normal,Call Center
1a6febdc-f214-ea11-a811-000d3a200b79,DITs5z7F1e+uHyhx8/2MNabQfIn2XmHc5+pGtP4MKE8Wno58D4z3h7v06bnp3ealw1p+xM9/i5+X7pyW+N1r8Q==,29-12-19 12:43,,505-CRM-0000000117,505 DC Riyadh,Sandro Nassief,New,Requests,Cancel Order,,02-12-19 13:59,LinkDevKM #,Normal,FLOW
d16245ed-5a14-ea11-a811-000d3a200cf3,VtHL5rXSZ9PNHGescPOF5L0dBEmO0tT9L2msYLU5v7rTvETxHMUPfVuWZafMLqOmAZUA0IxXSSmM+SjU5q3mPQ==,23-02-20 6:03,,117,505 DC Riyadh,"""Tariq Senosy",New,Complaint,Product*,Damage,01-12-19 19:52,LinkDevKM #,Normal,Call Center
98080166-4f14-ea11-a811-000d3a200cf3,LDGbDAYIhavreyktZpNZ/T7GyGKAb02sPjEBO7mRzs5SX/4wcrlSSgtjQa1edk6Skq/WSx2bQyXy9S8y4uwncw==,23-02-20 6:03,,123,505 DC Riyadh,"""Tariq Senosy",Voucher Number Updated,Complaint,Product*,Damage,01-12-19 18:29,LinkDevKM #,Normal,FLOW
f7e739cd-4a14-ea11-a811-000d3a200cf3,AlFD7MfaOtPEjh2PU39MnBOLfYmMFcaclg4GI0/fVryVYhU6EwaoM4HZI1tY417NbfH80GIEG+B4VKcMdYd0CA==,23-02-20 6:03,,123,505 DC Riyadh,aa,New,Complaint,Product*,Damage,01-12-19 17:56,LinkDevKM #,Normal,Call Center
eff8e959-2214-ea11-a811-000d3a202813,iZk99qKqJRHMy8votkVyF/wtiLCSLplAsNg1CB1naSdaTQMGMlBqsv8vjyR40F2BOEBUgMmA+sUODTA2+UDI6A==,29-12-19 12:43,,505-CRM-0000000516,,Sandro Nassief,New,Requests,,,01-12-19 13:07,LinkDevKM #,Normal,
761ef695-7213-ea11-a811-000d3a202813,ZEA0/YQJfVS3y6RjbGxpl57bt0muFcm10atKU1m5oQOU//RjYfKojmPQ/b5gymcZysEn2b5XLarn8wlGcdvaMQ==,29-12-19 12:43,,505-CRM-0000000516,,Sandro Nassief,New,Requests,,,30-11-19 16:09,LinkDevKM #,Normal,
e0cf4714-6a13-ea11-a811-000d3a200cf3,6ntVIFdwpry7k6z+V7rY0DUrqgjXXDfTwD78XMVa0iMU8XLtN31Qna6Dj93FeZS/Qy7ba4CcDsqNR6b4bc4OFQ==,29-12-19 12:43,,505-CRM-0000000516,,Sandro Nassief,New,Requests,Cancel Order,,30-11-19 15:08,LinkDevKM #,Normal,
138230b8-6913-ea11-a811-000d3a200cf3,dJpoY0TokPwjHSukAvLBkWetHpildUYvEqTBQ9aD/oJ5eQC0l718NPTYRh75NWV3ynLwqrniRPC+bo7uZKAmOw==,29-12-19 12:43,,505-CRM-0000000516,,Sandro Nassief,New,Requests,Cancel Order,,30-11-19 15:05,LinkDevKM #,Normal,
78a6c222-6913-ea11-a811-000d3a200cf3,ClPKYoKv9okOGvl+5TQGXXonKM/CdojbWFXDAbXU60oDThnw8woaXnAxMCtaqxudkn6f3RtIxWMc85StRkbRzQ==,29-12-19 12:43,,505-CRM-0000000516,,Sandro Nassief,New,Requests,Cancel Order,,30-11-19 15:01,LinkDevKM #,Normal,
200d0bce-bd12-ea11-a811-000d3a202813,OY0IAh8fIQhlJbe465Hwv1Yrk0gR0nJwEygUDSdo+yNM16mM+GBBuQdQQuhjj7lSF9BT36D1Eb2WfSBd4CR2vQ==,29-12-19 12:43,,505-CRM-0000000516,,Sandro Nassief,New,Requests,Cancel Order,,29-11-19 18:35,LinkDevKM #,Normal,
133e3130-bb12-ea11-a811-000d3a200cf3,NrmNDUnq0hfdoJVswcK479WhgR3ogVrLZzwfjDyaDJ77UEeifoVWFxsOSnuO/AJyGuq54hV96Zqb5Dc96m991w==,29-12-19 12:43,,505-CRM-0000000516,,Sandro Nassief,New,Requests,Cancel Order,,29-11-19 18:16,LinkDevKM #,Normal,
ec0ee683-b212-ea11-a811-000d3a200cf3,cWhrkRe00UgZE6bB3amWKS8CXHN0nwTm15BzJKhoJe9xLKs0Jc5gUMFyMpMloIUGaZdqBCSxCa74j7O84Sj2xg==,29-12-19 12:44,,,,Sandro Nassief,New,Requests,Cancel Order,,29-11-19 17:14,LinkDevKM #,Normal,
7deae405-b212-ea11-a811-000d3a200b79,F4dxa5Qyv0K3UPkUkJQJuKD/UFkyLqKFCSEJBIV3ZVvP4vsVQivPd4fzu7ZoreET/XgxIrZ5z8nsRte0SkAY1A==,29-12-19 12:43,,,,Sandro Nassief,New,Requests,Cancel Order,,29-11-19 17:10,LinkDevKM #,Normal,
f0c4fbe0-b112-ea11-a811-000d3a20090f,x5npAdO3WTAGwcuXKJ+OeAKD5jIpTzOhffflc2Qn5dsDRZOzmTMPX4HN3NTIhu/KOrl6+iqUJ2XvfWhwbsKFtQ==,29-12-19 12:44,,,,Sandro Nassief,New,Requests,Cancel Order,,29-11-19 17:09,LinkDevKM #,Normal,
d3880fba-b112-ea11-a811-000d3a200e52,jbmzjP+l4oWoO47XUMGIaSKCbCRe4PmiE3hwsYCTUWmAxPeeeUIjwuZph/1njns9mB0m94yffAggGgsYAXCaqQ==,29-12-19 12:44,,,,Sandro Nassief,New,Requests,Cancel Order,,29-11-19 17:08,LinkDevKM #,Normal,
81f19701-b112-ea11-a811-000d3a200b79,b0uM7OYrv28rM5yzqU5ZihxaMDtpg/e8oYVj2pcy7rTN6KoMV9tJczypTqeuXp1rTzxGaiNDW+F2DvSwB6NgKw==,29-12-19 12:44,,,,Sandro Nassief,New,Requests,Cancel Order,,29-11-19 17:03,LinkDevKM #,Normal,
bd1cfa1c-ae12-ea11-a811-000d3a200cf3,uRLIJ3iR2bCZVJ8BuZeCFOcRLIMWstfqK9GjWU0uIndERy1qeYmutOQAi26LULHaveqbRruNDITW3kaLExh98Q==,29-12-19 12:44,,505-CRM-0000000117,505 DC Riyadh,"""Tariq Senosy",New,Requests,Cancel Order,,29-11-19 16:42,LinkDevKM #,Normal,Call Center
e277bd75-e211-ea11-a811-000d3a200cf3,Vs8pmap5p5xuJZGp1ZI/uaHQD1Czn0b4ySdd4rQ5Lf+cqu/ThX+fDiMhTLmggMhjRKFXhs8OuShCg0E6CcqdFA==,23-02-20 6:03,,w,503 Jeddah South Store,a,New,Complaint,Product*,Damage,28-11-19 16:24,LinkDevKM #,Normal,Call Center
e3aff685-e011-ea11-a811-000d3a200cf3,foz9YA7IP78AjJ/WASPBjVKGaJnI8zCKoCBqnD0DTcJxmz8lM1pDmcIq8EzEv1bd5dmtS/QsF3BOsCaOkhzj2Q==,23-02-20 6:03,,503,503 Jeddah South Store,a,New,Complaint,Product*,Wrong Product,28-11-19 16:11,LinkDevKM #,Normal,Call Center
f2cd8b21-0d11-ea11-a811-000d3a202813,fuC3YgIzLFS+KFqSCs5rgbqiPmGEpiUyTwM3lKFE7jeZgPS4JuBay3tEPMOrPYO2Ve4mx5n13vLVMNCrHfRSrw==,23-02-20 6:03,,w,503 Jeddah South Store,a,New,Complaint,Product*,Missing,27-11-19 14:57,LinkDevKM #,Normal,Call Center
b544e329-3f10-ea11-a811-000d3a200e52,0CPmEQWUHbLBHDX9u6P+AD3b0V7ZySvOJis8JJ8j9TrRCMRAmNyB4a/VwBwRcnfY3xc+HSnOd+2NcZj1c9bacg==,23-02-20 6:03,,q,503 Jeddah South Store,a,New,Complaint,Product*,Missing,26-11-19 14:23,LinkDevKM #,Normal,Call Center
51fcbcc5-c10e-ea11-a811-000d3a200b79,vEWlK2vpobEJ3f4bmTEZ2JtXkxtZjWq2Rogvo6bEMeAA3/ZV8wVHmi2v1D2K+csB9GT3Vc6Wg0H3vtEvwy68Vg==,23-02-20 6:03,,qww,503 Jeddah South Store,a,New,Complaint,Product*,Wrong Product,24-11-19 16:53,LinkDevKM #,Normal,Call Center
d4b4a2ad-c10e-ea11-a811-000d3a200b79,q9zcpYtevYR5Wh/8FxD8JPFyGzV3OESJPSsGBq5YRdDcAhWTrQOblYYURqHoS4jJwdORSGQzXN2QroESqsdbQg==,23-02-20 6:03,,w,503 Jeddah South Store,a,New,Complaint,Product*,Excess,24-11-19 16:52,LinkDevKM #,Normal,Call Center
e6510acc-630c-ea11-a811-000d3a200e52,2Iv6Y9qvUo5KFxaxRLarOeAupjs/L21dd67DIfb6CsixYcRalX2ui/jqSf269b1miJDJNIyJyOUKX+K0iGZssw==,23-02-20 6:03,,q,503 Jeddah South Store,a,New,Complaint,Product*,Wrong Product,21-11-19 16:35,LinkDevKM #,Normal,Call Center
72794d72-630c-ea11-a811-000d3a200e52,IQMoSjUeY8EGxsa1NYt8Vlp0DrNjCmxPqC8a2+/dEg1yxAfapRcZ44QH/mmMQmLyOArlwJQzIZw72okarthIxw==,23-02-20 6:03,,ww,503 Jeddah South Store,a,New,Complaint,Product*,Missing,21-11-19 16:33,LinkDevKM #,Normal,Call Center
414e200c-5d0c-ea11-a811-000d3a200e52,lm0IQdB6pqz1GEQaJqbWTDeudPbtXNEugtkvAG9t4atX30Lxql99VyDDUJo/SukZMVH6Y14owDTWFM67InatuA==,29-12-19 12:44,,q,503 Jeddah South Store,a,New,Requests,Cancel Order,,21-11-19 15:47,SYSTEM,Normal,Call Center
054cf0c7-5b0c-ea11-a811-000d3a200e52,G/k6fjNhaOfCkbeH5U6i4uutyF382rf4yHV3TN7bKO+dP/2AJQrS8kr4bDHX88sQ3LRcdVKSqX2TLRFxuyizNw==,23-02-20 6:03,,q,503 Jeddah South Store,a,New,Complaint,Product*,Excess,21-11-19 15:38,LinkDevKM #,Normal,Call Center
a5be32cd-570c-ea11-a811-000d3a200e52,GVwltxuME6QjDM16StFarBbzgHr4/We0FlbC6CGabEGZYiHvHCM+k7C6NDVeSQQkt3r+gdllQ6B+ifllglcwow==,23-02-20 6:03,,q,503 Jeddah South Store,a,New,Complaint,Product*,Excess,21-11-19 15:09,LinkDevKM #,Normal,FLOW
3364a716-560c-ea11-a811-000d3a200e52,yh3XudWucqfSfRH+TwRnxr/XorsagUWSfNYm/L4eOgLrbslcnpcHH4fJZgJIG4QIcg7NE5kdMB26vrYLrUFGPA==,29-12-19 12:44,,q,503 Jeddah South Store,a,New,Requests,Cancel Order,,21-11-19 14:57,SYSTEM,Normal,Call Center
8e5857a9-4a0c-ea11-a811-000d3a200e52,OrciurDLTMbO+01Ysn+O6evq0sh2XQ64WJqFrMszMXW3eLzfh6SyKVrUB4ExDIt0VAxKlyO0vXmz7qjMYvAhMA==,23-02-20 6:03,,q,503 Jeddah South Store,a,New,Complaint,Product*,Excess,21-11-19 13:35,LinkDevKM #,Normal,Call Center
8d1c1d17-960b-ea11-a811-000d3a20090f,uWZwVsi6FsuOPO2/Nin8u0w+m8YNgoYG2qcRG5NLv5E+XPWtng4O6pasGI1ksA2ntS8E1739DCIbVSHqYuVeYQ==,23-02-20 6:03,,qq,503 Jeddah South Store,a,New,Complaint,Product*,Wrong Product,20-11-19 16:03,LinkDevKM #,Normal,Call Center
42913537-7f0b-ea11-a811-000d3a20090f,tNTsW9MV6cocSc/+XT1xIobLQpAzeoFOima6HUNxpAEb5ErwVTcOYxPuSFV7dd6D1V3ntUzkFZMwyTYC8UaAfg==,23-02-20 6:03,,q,503 Jeddah South Store,a,New,Complaint,Product*,Missing,20-11-19 13:19,LinkDevKM #,Normal,Call Center
c4eb1476-7e0b-ea11-a811-000d3a200cf3,RWnhgF6C0Qjz1L3Xr+HLdebm8gyJHBVyz1+UBu5VBkhMEIz6n+uCPrCJEWGP1U6njOWd9gYYttLOE5kuiM7DSw==,29-12-19 12:41,,324765,503 Jeddah South Store,aa,New,Requests,Cancel Order,,20-11-19 13:13,SYSTEM,Normal,Call Center
71d2e333-7e0b-ea11-a811-000d3a200cf3,d3yXv3sMPh9zTXC23a0vpAbBMJaHEBFfhVVPK1XQz0bMRcTaLKqo5Q2aRem48jD9gWoGUjM/RVu/iXD6WmvV6w==,23-02-20 6:03,,324765,503 Jeddah South Store,aa,New,Complaint,Product*,Excess,20-11-19 13:12,LinkDevKM #,Normal,Call Center
531ea2f1-7d0b-ea11-a811-000d3a200cf3,aGaI/bQxkv7Bfmjm0kVzZJRX01z/LUT8iIRY2Td/qSrhKsMhEcwPrV+YNDTEConWGukFmffQmJ7rsh809zf3VQ==,29-12-19 12:41,,326549,503 Jeddah South Store,aaa,New,Requests,Cancel Order,,20-11-19 13:10,SYSTEM,Normal,Call Center
1a7afdd8-7d0b-ea11-a811-000d3a200cf3,UPK4mJ8qu7fNs/AUXbcAgVmYQ6fjWzBJpotYK8eEcBx1ImW2Hs0uuEi8M09UY3gLP+pzmCrKCUd7+v4WiXvY5w==,23-02-20 6:03,,326549,503 Jeddah South Store,aaa,New,Complaint,Product*,Excess,20-11-19 13:09,LinkDevKM #,Normal,Call Center
1ac31b4c-7b0b-ea11-a811-000d3a200cf3,rfA9uGJZDeYPLFBZNBrHC8Q6PwcTQH9/qxbKLAwhHV64BGNl9B1gEuKX9yS666xC/yQSTbhkldDboA9HcnXn2Q==,29-12-19 12:41,,32736854,197 Riyadh Store,Account 1,New,Requests,Cancel Order,,20-11-19 12:51,SYSTEM,Normal,Call Center
7b5e2640-7b0b-ea11-a811-000d3a200cf3,ITNET3NBP6lVwqNc3uHpgagk6lEGk8gyGsskLKCXQNz4VYTBxJE3ruiXQ4pkhPtcl7VC4J4AEXm+dRFvDLnLrA==,23-02-20 6:03,,32736854,197 Riyadh Store,Account 1,New,Complaint,Product*,Excess,20-11-19 12:51,LinkDevKM #,Normal,Call Center
c9ef8da7-dc0a-ea11-a811-000d3a202e6a,3ZOSEzXrou2iRj8TJT7WD6Vx8zI+wmKYBQRmdH05PR4Zitim1ggsPjhaoremYRCbIzcbIbLS+KCydsvabNFKFw==,23-02-20 6:03,,123,065 Dhahran Store,"""Tariq Senosy",Voucher Number Updated,Complaint,Product*,Damage,19-11-19 17:55,LinkDevKM #,Normal,FLOW
37bbdf1d-d00a-ea11-a811-000d3a202813,p7lVe7aNWRx42PEwBq+jikZFMOGkciaBZRE2DYIxmQ2+mrMtqeW8SfvwyhEoqhKAezJXJPpU+Pcc1EeyhuuEzg==,23-02-20 6:03,,ww,503 Jeddah South Store,a,New,Complaint,Product*,Missing,19-11-19 16:26,LinkDevKM #,Normal,Call Center
6ccfab27-ca0a-ea11-a811-000d3a202e6a,zz07vM+FrN4Yy6g9quq97z58ryu5zHdpHBtR7pRSkg/9Ck0V3a9iHy6xM+sp2zcDVRbXNH2EE6v6hsvaNDvvaw==,23-02-20 6:03,,123,065 Dhahran Store,"""Tariq Senosy",Voucher Number Updated,Complaint,Product*,Damage,19-11-19 15:43,LinkDevKM #,Normal,FLOW
3576fdbc-c20a-ea11-a811-000d3a202813,gLYQuXhtVmRxa8aHBmaRl0NOl02UXYHSZ5rZLwvMmBwo6tVYuVCdqZ8sQWyeHfZS++2ufJunBnKSzmPPaerhpQ==,23-02-20 6:03,,qq,503 Jeddah South Store,a,New,Complaint,Product*,Missing,19-11-19 14:50,LinkDevKM #,Normal,FLOW
d8f98865-ba0a-ea11-a811-000d3a200cf3,mMCSPUhQpXTblIvgeS4vO/Vof3hSLhhXjwozX7UXwrDgl3N9bt3k8MSB5aRozlCDLPFkiBxMt12EwH0UKvuZYA==,23-02-20 6:03,,qq,503 Jeddah South Store,a,Waiting items to be received,Complaint,Product*,Excess,19-11-19 13:50,LinkDevKM #,Normal,Call Center
65c05273-b80a-ea11-a811-000d3a200cf3,ClWjN5s8Tt5td8IGLhW9xuse569Wa95dcKZS8PYTq1PdsIBFkKwdUdP4mZhRxmVIs/G351wQfPLKIu8JWS3l+Q==,23-02-20 6:03,,3216546,505 DC Riyadh,Account eng,Waiting items to be received,Complaint,Product*,Excess,19-11-19 13:36,LinkDevKM #,Normal,Call Center
1a68a37f-b40a-ea11-a811-000d3a200cf3,Ym7ody9YVQdGLm4o4mN8q14CVAeKpXleB6/z4oHpgb9UJF1W9ski0/Gh7gmWYp50ok3rqyyZAI+u2VQWBbhpUg==,23-02-20 6:03,,64613,505 DC Riyadh,Account 1,Waiting items to be received,Complaint,Product*,Excess,19-11-19 13:08,LinkDevKM #,Normal,Call Center
b05182c2-190a-ea11-a811-000d3a200cf3,CCw8rQDYQSDDpx4yDzpBM7Uspaxc1/d0WN+9kM2CmJR6hKjC/MrX8A+xb64WEAh2qqw5B2nEaw17Wru1cl7+Pg==,29-12-19 12:41,,4165163,503 Jeddah South Store,aa,New,Requests,Cancel Order,,18-11-19 18:40,SYSTEM,Normal,Call Center
82749638-190a-ea11-a811-000d3a200cf3,tv5IfV5+LBGAXmtKUuJjmdvPBjPrxHhKxy1+Khd8tSZGuhweB9zmOAQwdhVFyzq5EUyvKT4oaq40+8RZywah+g==,23-02-20 6:03,,4165163,503 Jeddah South Store,aa,Waiting items to be received,Complaint,Product*,Excess,18-11-19 18:36,LinkDevKM #,Normal,Call Center
7a69649f-090a-ea11-a811-000d3a202813,AhQtT0M6oWgRi695QO9yn8MEN4FGKmsvkthnhR0BaLDBFoiqoHUCsJF2FZfJt2kvJ+WXYvLbkkK3Xl1lxaFIgw==,29-12-19 12:41,,w,503 Jeddah South Store,a,New,Requests,Cancel Order,,18-11-19 16:45,SYSTEM,Normal,Call Center
8804c727-090a-ea11-a811-000d3a202813,Lf06u18cTxDedCcNFM+0+L3V9KLQM8dbE2Bi6YGhOFMtzv5lpDLAsiY3cxXa7UZvRZ2USjgWnMpJtUtDFCMXtA==,23-02-20 6:03,,w,503 Jeddah South Store,a,New,Complaint,Product*,Excess,18-11-19 16:41,LinkDevKM #,Normal,Call Center
4a6c4780-080a-ea11-a811-000d3a202813,4sPX6bJ2ad3JCSZHTdbMs6enB74++6Ez4SpcdYFqBajmkBoGjFIuHKhkcxgkx8VBwfbPMlaj/m5mTxvP4WaYVA==,29-12-19 12:42,,ww,503 Jeddah South Store,a,New,Requests,Cancel Order,,18-11-19 16:37,SYSTEM,Normal,Call Center
acada428-070a-ea11-a811-000d3a202813,LwgVRSXr2GokLQvE+NEMHsSKPJX8kckDj0r28XOT7R4H8SoL30pcib8e0MOheKlcl6+e0JhPda+jcOp0Guxv7Q==,29-12-19 12:42,,77,503 Jeddah South Store,a,New,Requests,Cancel Order,,18-11-19 16:27,SYSTEM,Normal,Call Center
bf78e83c-060a-ea11-a811-000d3a202813,VKpIBsvLqA/iv4hfR0DhGHoki4iasay1nHqCL6qbTi2xUVy4l/fiP8wpiIS7iQVuWaKjlFdQ2AeX3X6kdKrf0A==,23-02-20 6:03,,ww,503 Jeddah South Store,a,New,Complaint,Product*,Excess,18-11-19 16:20,LinkDevKM #,Normal,Call Center
eeab7893-050a-ea11-a811-000d3a202813,CKprmvW3czS9TkoSbOosfH9fBQpCUvuSEWYyd90by7erZ0t6sFlQhOewwfHSuihClfWuY/mXC4+KPHDGCI02Og==,23-02-20 6:03,,5.3,503 Jeddah South Store,a,Waiting items to be received,Complaint,Product*,Excess,18-11-19 16:16,LinkDevKM #,Normal,Call Center
8bc9c781-020a-ea11-a811-000d3a202813,p8s2rFwnI0Cmh8kysDQr+WrB2jDq5H+938im0x9+TDCVkwGngTEsN81BGQKNot52LOOsNUF77GX1w0B+UIWofw==,29-12-19 12:42,,ww,503 Jeddah South Store,a,New,Requests,Cancel Order,,18-11-19 15:54,SYSTEM,Normal,Call Center
4a3b8b01-000a-ea11-a811-000d3a200cf3,E7SskSSIjlEn44dGpc/Ku4L7rOVgOs8KfffRuLrpg1Slx9f7WladIbT8WyVH3jq/A70mv55iq2EfYEMsLJCIyQ==,23-02-20 6:03,,65413879,407 DC Store,aaa,Waiting items to be received,Complaint,Product*,Excess,18-11-19 15:36,LinkDevKM #,Normal,Call Center
66dddffc-fe09-ea11-a811-000d3a200cf3,dKwFhKVfG0He3a/TyhjCBe7rbhJN+5HTaj1F1UG8UeZcwR4ZXIosIFKzWwqlbYuysFMEbVRJtP+BT2B4zqekPQ==,23-02-20 6:03,,1354684,503 Jeddah South Store,Account 1,Waiting items to be received,Complaint,Product*,Excess,18-11-19 15:28,LinkDevKM #,Normal,Call Center
99f97160-fd09-ea11-a811-000d3a202813,tl3Q2L4li0sZOZ0im1fm6e00RLDRntQXC2P9uq8do9fC9XORYXIXdeLiAijKvTCDQgfoSBDmKHqKjcm1/bKrug==,23-02-20 6:03,,www,503 Jeddah South Store,a,Waiting items to be received,Complaint,Product*,Excess,18-11-19 15:17,LinkDevKM #,Normal,Call Center
ec1dd836-fd09-ea11-a811-000d3a200cf3,EhZPoIVbgl1q0+YLYrI9mwUTw+3s80COz9t2egnvG2k6MlBUq5uuPcx87WHm8+iOrFUcfEVvJxF/FgRKf+udew==,23-02-20 6:03,,76543194,503 Jeddah South Store,aaa,Waiting items to be received,Complaint,Product*,Excess,18-11-19 15:16,LinkDevKM #,Normal,Call Center
c3e38d0d-fc09-ea11-a811-000d3a200cf3,Uock1j35oPEqE1QiWu8hgNmJEeMkAbiMsRfXq2dDb7XvLoY1U4ZjwI8kXNhS3BYmPuil8n4bL6SjSOpOhX8e+Q==,23-02-20 6:03,,546513748,503 Jeddah South Store,aaa,Waiting items to be received,Complaint,Product*,Excess,18-11-19 15:08,LinkDevKM #,Normal,Call Center
7e343ab0-f509-ea11-a811-000d3a202813,tmZF/yrpMRItMuaHii9AdtiP8WqWWflJbZVNPo1fmAaNnbPc0vHxcu3FIZl8+CBbtDOOG8cQfWYQQ/P5Tw7TUA==,23-02-20 6:03,,ww,503 Jeddah South Store,a,Waiting items to be received,Complaint,Product*,Excess,18-11-19 14:22,LinkDevKM #,Normal,Call Center
39a1fe2a-f509-ea11-a811-000d3a200cf3,JWhkxgApfSZGhi2+wX54v74vNzjBn+BGCN3TVqqgCpYPyuH1Wnekp8lWHIir9t8NtuQpY0uXVVNJIX24yAG4eQ==,23-02-20 6:03,,21654654,407 DC Store,aaa,Waiting items to be received,Complaint,Product*,Excess,18-11-19 14:18,LinkDevKM #,Normal,Call Center
d81401a8-ed09-ea11-a811-000d3a20090f,0ATreA/Ej+JyK+BjcGTH9HJoJr29D26MisRKHjavGRugAqlpxl3bW8VwNFyexDFRiaK86WUYp5pmnLgZBu8s6Q==,23-02-20 6:03,,135468449,505 DC Riyadh,aaa,Waiting items to be received,Complaint,Product*,Excess,18-11-19 13:25,LinkDevKM #,Normal,Call Center
e031488e-ea09-ea11-a811-000d3a20090f,AKJcQlgos+czEOC681s6YSTgG9ahaPUOTYCGvspTawketIIb8GJPeJp06TrH57PqAhTOh+keAPVYVxNsjf/0OA==,23-02-20 6:03,,6413618,503 Jeddah South Store,aaa,Waiting items to be received,Complaint,Product*,Excess,18-11-19 13:02,LinkDevKM #,Normal,Call Center
bf0abcf0-4f09-ea11-a811-000d3a20090f,UNvtfGDeQK/8VGgMYdouWI6yfv7/pWCiytIC3wzq4lg3W07KkrN5O/EEjwfwioSbfofHMGUJL1gfERR7rdDKIg==,23-02-20 6:03,,ww,503 Jeddah South Store,a,New,Complaint,Product*,Excess,17-11-19 18:35,LinkDevKM #,Normal,Call Center
a2d5d718-4f09-ea11-a811-000d3a20090f,c+oKNs0QU1ToI+r0iz7Q5yAWw4mbZsn1SBUbgLn6x9ofWOWs5EHCbRAyrbRfz1QQxZ6C+nrRnukcv49HGsoaew==,23-02-20 6:03,,6513612,503 Jeddah South Store,aaa,Waiting items to be received,Complaint,Product*,Excess,17-11-19 18:29,LinkDevKM #,Normal,Call Center
b0eb80db-4d09-ea11-a811-000d3a20090f,rwn2rc41k72i8KocELS+zbVmT2Yz4+SZMaNgEU2vMUvfB8VpBhB5fjj7ki5bhOWeYkz+uuhmHXND7RdudS1jIQ==,23-02-20 6:03,,354654169,503 Jeddah South Store,aa,Waiting items to be received,Complaint,Product*,Excess,17-11-19 18:21,LinkDevKM #,Normal,Call Center
c791f766-4609-ea11-a811-000d3a20090f,8W9sRDhL1CFTXTZ03RDBlGqIgnhnLiULMj2Aj0+X7M8fPBm3GVW5Oeqd012dExea6Gz599GGJzQrethizNUm6A==,23-02-20 6:03,,213532,505 DC Riyadh,aaa,Waiting items to be received,Complaint,Product*,Excess,17-11-19 17:27,LinkDevKM #,Normal,Call Center
e2cb6972-3f09-ea11-a811-000d3a20090f,OVk94blRy68yFRambDQ++4p7jrz/4RID6cCQnn//MG1xYVBQdFhmQMo50VL3qgPxaM5yU6ZSrDaa/GCscTrktA==,23-02-20 6:03,,9456213,503 Jeddah South Store,Account 1,Waiting items to be received,Complaint,Product*,Excess,17-11-19 16:38,LinkDevKM #,Normal,Call Center
4df1e7af-3809-ea11-a811-000d3a20090f,iBnUbRNebhhvKgytH6ROpBH987phtsany12arguBVUPLynyNAN2KKNcX2yETEykBIbMWuUcFc28IKkpTUqWaxA==,23-02-20 6:03,,6543168,505 DC Riyadh,aaa,Waiting items to be received,Complaint,Product*,Excess,17-11-19 15:49,LinkDevKM #,Normal,Call Center
e14c7fac-3709-ea11-a811-000d3a20090f,g9fkGsIHyiLOVGC3mLx7PjoBgUsVh8d7+YnpkQA33vNNWFrSDFFIC51b+wK6AfU9es3lshG3IcXHAw1yH+pkCQ==,23-02-20 6:03,,6549841951,503 Jeddah South Store,aa,Waiting items to be received,Complaint,Product*,Excess,17-11-19 15:42,LinkDevKM #,Normal,Call Center
2fcecf8e-2809-ea11-a811-000d3a20090f,FCKq8G/RW5fnnAamrs6OsT6DZaIFhBAHYXGlGqWkffM9b5SB0cbTfz7XUj2RWmT9A6zzn24DCkbSPy+6Tl8nsg==,23-02-20 6:03,,9796416,505 DC Riyadh,aaa,Waiting items to be received,Complaint,Product*,Excess,17-11-19 13:54,LinkDevKM #,Normal,Call Center
21bd9c4b-fe06-ea11-a811-000d3a200cf3,ubDEWaZP755vYrLHZwAr6/ZOqbFxfHowiMTA6eP8n4Oy+X9QBLqUplG1GQNs4t4CRnvo6IjChGnOOwrma6R42g==,23-02-20 6:03,,21212,505 DC Riyadh,a,New,Requests,Change Home Delivery Date,,14-11-19 19:46,LinkDevKM #,Normal,FLOW
8efbb883-ed06-ea11-a811-000d3a202813,gGFBFv/f7P0ZKa+46bDV8Q29OqBFIxRBOdpJUgBuFqVi/4LkAbfzyTTq2m1nViYTCgDT8K4KT0T6dmRY7BPCrw==,23-02-20 6:03,,35431,505 DC Riyadh,aa,Waiting items to be received,Complaint,Product*,Excess,14-11-19 17:46,LinkDevKM #,Normal,Call Center
9077a0c7-e406-ea11-a811-000d3a200b79,L6eoM6ssvhI/+7LxBVz0/NYQGFClH/bHDkEu5ARDStW/31U428AMf4EKnp9e1edPmRzPvf6fqpMo8QqJKaQvqQ==,23-02-20 6:03,,97531,110 Jeddah Store,Pierre Ghaly,New,Complaint,Product*,Missing,14-11-19 16:43,LinkDevKM #,Normal,FLOW
2d206254-c906-ea11-a811-000d3a200b79,irt/9EVngQRpgRPmhV9Kx1N+tz6VAn1ejHl6oolcd5I3jYkiP7XN2JY5GZMTD3U2s07kJ93D0knWNzQ6xua/PA==,23-02-20 6:03,,,,a,New,Requests,Change Phone Number,,14-11-19 13:27,LinkDevKM #,Normal,FLOW
2c8a87bf-2206-ea11-a811-000d3a202813,ptU/WMmSftvDggKHGRPd+hOsv/bSeU8nstYRD1CxCESUDx7DpHVF2pTY243ECwxQDXXB2PvxB6Y0RdLkUwgTHA==,23-02-20 6:03,,5321321,503 Jeddah South Store,aa,Waiting items to be received,Complaint,Product*,Excess,13-11-19 17:35,LinkDevKM #,Normal,Call Center
74461ecc-1e06-ea11-a811-000d3a202813,ivCtRC9x+qdZiqX5y141jbUhDgmAuX8iqN3HlGHJMKsKb/7ZU45WXhaWHf9bW6ZS4s1c0lOJBST1geeRWARp0A==,23-02-20 6:03,,6543213,505 DC Riyadh,aa,Waiting items to be received,Complaint,Product*,Excess,13-11-19 17:06,LinkDevKM #,Normal,Call Center
40ad2e8a-5f05-ea11-a811-000d3a200b79,IVJGvPdLdCh8wsYfc4Y8SOD5Kbx9pGKVjrA9XLlC4mYnu2ovax4pEZ6nMpwFOztTGVHlf42J69RAe6c87KUA9g==,23-02-20 6:03,,8642,110 Jeddah Store,Pierre Ghaly,New,Requests,Change Phone Number,,12-11-19 18:17,LinkDevKM #,Normal,Call Center
1181586c-4905-ea11-a811-000d3a200cf3,NCw1VkL7Glqn0T3rPe8Wlrpzskv17Q8Jwwgt6XTgYinHV5q6wculDNunEx/2u2tLKTLFr/gDj+cT+rXkpJ3AYA==,23-02-20 6:03,,,,a,New,Requests,Change Phone Number,,12-11-19 15:39,LinkDevKM #,Normal,FLOW
3028fb97-66fa-e911-a813-000d3a200b79,4poiqmd6WG5VeVLjSSOVvIhklirHoR9RRRlI38RbI6arrnNqP4DGL9bgpKHtHYY4WLwZRPuDG5Ti6pOmRfvoxQ==,23-02-20 6:03,,,,Pierre Ghaly,New,Requests,Change Phone Number,,29-10-19 19:10,LinkDevKM #,Normal,Call Center
2d49c861-3ffa-e911-a813-000d3a202813,jXKmiCJo72A6A8cJA9zsLwJWVR3KynpSr6aIBfSragUKGcVk2HhJFr4MjNfAFuOSpTlLTiC6XyT82VbrEMnYJg==,23-02-20 6:03,,123,065 Dhahran Store,"""Tariq Senosy",New,Complaint,Product*,Damage,29-10-19 14:29,LinkDevKM #,Normal,Call Center
83471edc-92f9-e911-a813-000d3a200cf3,oQ/gHsrLsy4I7zRhr82lhTni8PiD0lyAaMrdgqJz9j/tVQLUaqmtmhs8JH3lAC/irFxkbo6EHhgZYRpq6J5sew==,23-02-20 6:03,,321654,503 Jeddah South Store,a,Waiting items to be received,Complaint,Product*,Wrong Product,28-10-19 17:54,LinkDevKM #,Normal,Call Center
7c427fb3-8af9-e911-a813-000d3a200cf3,WraZ5GgxXcrOl+fuljLPTCeCCNs63EX0aL+mdhIyFu6r9mmjgrddAeoyxsw7bqHG8S1KU0wCnxgTGB6rHfaBWg==,23-02-20 6:03,,7145575,505 DC Riyadh,aa,Assigned to CCC Frontline,Complaint,Product*,Wrong Product,28-10-19 16:56,LinkDevKM #,Normal,Call Center
d3a43832-84f9-e911-a813-000d3a200b79,OgHWyRYhGzXq9AkgWG6nAL3DRRa0uuWuXGyt5MhcyBVrXpTJ6UjwLGwC1JaDTDH+r40xT4DLVvR6QEidqhycSw==,23-02-20 6:03,,12334,197 Riyadh Store,Account eng,New,Requests,Change Phone Number,,28-10-19 16:09,LinkDevKM #,Normal,Call Center
cdb8d074-78f9-e911-a813-000d3a200b79,RD/77/3DI5zHpcjxyk5DR5eyHXF14J8hrXUeMCGLTdIvHO05mnpRC1GAau4NHPRqNhQoM3auf2wnVzZURJ2ocw==,23-02-20 6:03,,12343,407 DC Store,"""Tariq Senosy",Waiting items to be received,Complaint,Product*,Damage,28-10-19 14:45,LinkDevKM #,Normal,Call Center
81deb246-3ef9-e911-a813-000d3a202813,QWMas2ipGlnIyBZ4kAKTcfI4bHn7Lwzx3PFhhSYroOJWL/Ud0V6mmeZmg/d4W4pSpZJ2/sqtv87tgWHeY4tmXw==,23-02-20 6:03,,123,407 DC Store,"""Tariq Senosy",Waiting items to be received,Complaint,Product*,Damage,28-10-19 7:49,LinkDevKM #,Normal,Call Center
c4df9455-33f9-e911-a813-000d3a202813,yuVRMPrN0VW9gXwGKmcJ3thmA6T7/DIZrDsHwSTk0c3E8ftYpA2SPscqThsZEsZwMj3/K2W6T0VYT401bJSWzg==,23-02-20 6:03,,123,503 Jeddah South Store,"""Tariq Senosy",New,Complaint,Product*,Damage,28-10-19 6:30,LinkDevKM #,Normal,Call Center
4ee7b993-daf8-e911-a813-000d3a202813,5GIKsmG4O+MZsM2vdzk60NadAhMACPgEDL78twft1BoksPivUK77X7zMDaBg5186TYtRDv3+qdfURRD8cuJJ+A==,23-02-20 6:03,,123,407 DC Store,"""Tariq Senosy",Voucher Number Updated,Complaint,Product*,Damage,27-10-19 19:55,LinkDevKM #,Normal,FLOW
569a4c5b-daf8-e911-a813-000d3a202813,7QXToeuAiUAn0/d0xXXgvmZSzbcSVmqy7uqPtTgdwqZVEF1FS+s3SYMqWSB94rW8ltsopRwe7bQbmdsebXTnNg==,23-02-20 6:03,,123,197 Riyadh Store,"""Tariq Senosy",New,Complaint,Product*,Damage,27-10-19 19:53,LinkDevKM #,Normal,Call Center
be7d7f9b-d9f8-e911-a813-000d3a202813,bNgNNRQPVRIJ0cZKvTLZNmvfSw3bV1ZlPM6D7vDReSuwqN3+Q00Az8BwVdhCS9K7G+NXL6qr/pgTCJ4QsWK4CQ==,23-02-20 6:03,,123,197 Riyadh Store,"""Tariq Senosy",New,Complaint,Services,Quality,27-10-19 19:48,LinkDevKM #,Normal,Call Center
3c697a70-d5f8-e911-a813-000d3a200cf3,59xuflZyMtZ4K36SRZTqE4pSiXvfVWpKWKRTNCVU5FN4OvtxTk+mJOqdKacd66RY2EYw10KborjTXuuc6nykkQ==,23-02-20 6:03,,7961,505 DC Riyadh,aa,Waiting items to be received,Complaint,Product*,Excess,27-10-19 19:18,LinkDevKM #,Normal,Call Center
9ae94fa9-cef8-e911-a813-000d3a202813,ruDZjtvmXb0/YvdBZi/1BrXKgeyHmVZr1KQsatKpCb0aDd4cCO/w7UdcO4G4e2/W9GPqeX4sqxDnkHeZxINOOw==,23-02-20 6:03,,123,065 Dhahran Store,"""Tariq Senosy",Waiting for Voucher Number,Complaint,Product*,Damage,27-10-19 18:30,LinkDevKM #,Normal,FLOW
ffef73de-c8f8-e911-a813-000d3a200cf3,Px3MvgjLgN69Y3uO8jpzf9fqpW0jXnLawVEyetscSWzCoZCz8ck0d1KBkYwM6YcnIry340h+79OpKibbq9Om+Q==,23-02-20 6:03,,9598461623,503 Jeddah South Store,aaa,Waiting items to be received,Complaint,Product*,Excess,27-10-19 17:48,LinkDevKM #,Normal,Call Center
36eef6b9-c6f8-e911-a813-000d3a202813,BLRJtK2r6iN1LReXQV2sjTgK157gVxspMKl4VOosiTh2kZXMCgLQScl2dUjY6R/b/hPulSovckMEuXe2/zHqEw==,23-02-20 6:03,,123,065 Dhahran Store,"""Tariq Senosy",Waiting for Voucher Number,Complaint,Product*,Damage,27-10-19 17:33,LinkDevKM #,Normal,FLOW
f434b741-aef8-e911-a813-000d3a200b79,nu84kBh0EPa5ME6aWdMA0hJBSSHW7S230e5mZpJsoTyUP0oionQ3hHgoFXrg8f+uh9hEZYdFOLCjmkSNnkBzhg==,23-02-20 6:03,,12345,407 DC Store,Account 1,New,Complaint,Product*,Missing,27-10-19 14:38,LinkDevKM #,Normal,FLOW
e50bcae2-a1f8-e911-a813-000d3a200cf3,Ilw8+LOYRD7IBq0mBjvWE8kc5boYOGmvQnD5urJ4lAFkmyMiKVrxR81moFmWYm8hWegnC4fhwxmgJeLizf+GMw==,29-12-19 12:43,,1564891,503 Jeddah South Store,Account eng,New,Requests,Cancel Order,,27-10-19 13:09,SYSTEM,Normal,Call Center
6fac70d9-50f6-e911-a813-000d3a200cf3,c5aI4eUm5xRu6EbnMOdHSh4k8H8egQTbRYexc1KboBpU3mBTd1TzjjqAul5ImucdYB3g14DB6JsJL4GL8HmMQw==,23-02-20 6:03,,87999,407 DC Store,account 2,Waiting items to be received,Complaint,Product*,Wrong Product,24-10-19 14:24,LinkDevKM #,Normal,Call Center
8e483910-49f6-e911-a813-000d3a200cf3,DxhOMq/KS3z1MJqS+8tSWDLRMPOsc5/9c2QHeJsNgUSEHs8OFvBK11rGZSkJdu/CZoKOcjmOyuLX2rVwa67cOQ==,23-02-20 6:03,,754651,407 DC Store,Account eng,Waiting items to be received,Complaint,Product*,Wrong Product,24-10-19 13:28,LinkDevKM #,Normal,Call Center
fd7e2488-9ef5-e911-a813-000d3a202e6a,v9zt075w2KBQwbrFjBrlxmclOQS9V5/Cg4x2wh34zx3II9GK+WDHs6qm3yGTSdG/yhh71kA2N1rL1Mgdi62dJA==,23-02-20 6:03,,123,503 Jeddah South Store,Account eng,Voucher Number Updated,Complaint,Product*,Damage,23-10-19 17:08,LinkDevKM #,Normal,FLOW
061665b2-9af5-e911-a813-000d3a202e6a,KaQYJ9Sju/eD/Jg/WRcrBX3HXWOBcClKKntdrdbWKZ2bY8k44d8HSWYHjqWoy0ROE60pE40LFLK1viKQ/pRlHw==,23-02-20 6:03,,123,503 Jeddah South Store,Account eng,Voucher Number Updated,Complaint,Product*,Damage,23-10-19 16:40,LinkDevKM #,Normal,FLOW
122526d5-8df5-e911-a813-000d3a200cf3,ZtTYJs2pe9VT945Dc8fkebSslm+9fYV1tnl+AfTJKn7l+sNYjI00tBCbGAaCg1Tyny2SY1gJb7up0tdJ8uFDGw==,23-02-20 6:03,,564213,407 DC Store,Account 1,Waiting items to be received,Complaint,Product*,Wrong Product,23-10-19 15:08,LinkDevKM #,Normal,FLOW
c865c320-8bf5-e911-a813-000d3a200cf3,QLV8eGtGv1SR4YtMQY4w023GiRHSP7QHhsx560FVbKZBTxmMuwalSExkx1gR4iCOOc3RW/TL73+yCLeX+ntfhw==,23-02-20 6:03,,5495612,503 Jeddah South Store,aaa,Waiting items to be received,Complaint,Product*,Wrong Product,23-10-19 14:49,LinkDevKM #,Normal,Call Center
e77cd228-e1f4-e911-a813-000d3a200cf3,qT3xxhya8Y9agqH3i/1nnU+Po05zyN027Y+HmgztWKnmNI/4shKcrvASQ2GZPkBqsEn+MCQrT71Ya+unhQbpfA==,23-02-20 6:03,,,,Person 1,New,Requests,Change Phone Number,,22-10-19 18:32,LinkDevKM #,Normal,System
015159fd-e6f3-e911-a813-000d3a200e52,GJoT3uA47EX5Cm9f9OybT/foYdGPNgnwPLPeWWrw7uDl6T0dnxebilGaC+XIgZVfq3WgrUl03r+agLqtoHh4hA==,23-02-20 6:03,,,,a,New,Complaint,Product*,Missing,21-10-19 12:41,LinkDevKM #,Normal,FLOW
51c74a17-bbf0-e911-a812-000d3a200cf3,4RuAR0rAmFXwktRMCAHm1Ze3mo8bHn46Wx0nD6T0RtEw7jg5ilSGfjsR/7aD8nJei5DPF3xPVVA8V5yyr2Noew==,23-02-20 6:03,,1564891,503 Jeddah South Store,Account eng,Waiting items to be received,Complaint,Product*,Excess,17-10-19 11:49,LinkDevKM #,Normal,Call Center
e1f3fdb0-baf0-e911-a812-000d3a200cf3,FBNbMeakHYPRbzA2g8G1o4XtBXS0oxpbCF/TgXpKh1jTb8KRfrvsp54O1zpwARvqCQCx/auV+ITMAWIQVdhlRQ==,29-12-19 12:43,,8799465162,505 DC Riyadh,Account eng,New,Requests,Cancel Order,,17-10-19 11:47,SYSTEM,Normal,Call Center
45540550-baf0-e911-a812-000d3a200cf3,mnfbbZahGPJkfoI4+K+pVl00iwFpzb/kgCJ/KH9aUY4+c0AO2ExvygmKdVg0iZFpacDinCZDfHyzJlagWkSAoQ==,23-02-20 6:03,,8799465162,505 DC Riyadh,Account eng,Waiting items to be received,Complaint,Product*,Excess,17-10-19 11:44,LinkDevKM #,Normal,Call Center
aaaaedbf-b9f0-e911-a812-000d3a200cf3,pe4QBTaWzGeTXJfjj0XB5sdXDT5aJoNWkqcWsxGkQBMTzymqSyRnRaDI0d3jj1dWklGgpRc/BbZUDVZ1lmfLiw==,29-12-19 12:43,,4612354,505 DC Riyadh,cc,New,Requests,Cancel Order,,17-10-19 11:40,SYSTEM,Normal,Call Center
e8f26d2f-b9f0-e911-a812-000d3a200cf3,A2d0DjiIXq9FZeEzmObuWuo1PWHYWaU2cmf2+g95AXzYsV3bsVRHTcq9FxRnwpd+59o1HTQKWy0RNX/LOhm6pQ==,23-02-20 6:03,,4612354,505 DC Riyadh,cc,Waiting items to be received,Complaint,Product*,Excess,17-10-19 11:36,LinkDevKM #,Normal,Call Center
3ecf63bd-b8f0-e911-a812-000d3a200cf3,zLAh4TiKV5H+4Fv7f0Tb9u4aqOPqcWcmSM4fKhTA4XxCz2QPiD1VDoxFyaTNL2dxAgiVt5HQ2w+F/MGXDalDgA==,29-12-19 12:43,,789456,505 DC Riyadh,account 2,New,Requests,Cancel Order,,17-10-19 11:33,SYSTEM,Normal,Call Center
3f66b938-1cf0-e911-a812-000d3a200cf3,XlcuXfVqS1Iq6U/gI/SOIWi5VnaKxst3HlBM4wlA/YLUtPt7MeiwiYu3tgGTZhYwDyV4/F3ZbIbSP67lvXhWaw==,23-02-20 6:03,,789456,505 DC Riyadh,account 2,Waiting items to be received,Complaint,Product*,Excess,16-10-19 16:52,LinkDevKM #,Normal,Call Center
33b0475d-50ef-e911-a812-000d3a200cf3,ugNZQGr72WHBr6/eGzv7sXdheCGx/Sejpw1NSFg848zT+40S0YPLHi4h4Wos6GQ8U2ewc0Cx+p9vxXw5Jov1og==,29-12-19 12:43,,,,Account eng,New,Requests,Cancel Order,,15-10-19 16:33,SYSTEM,Normal,Call Center
3684ae7d-4def-e911-a812-000d3a200cf3,s/FvUjl3X/hgPhov6RcoU8nEPbQ5JQB8ZstdGEdaJCHyUTpBAD+IYW3TVVxe3qucI7V1CBmfwqaEkelhS2VUFA==,23-02-20 6:03,,,,Account eng,Waiting items to be received,Complaint,Product*,Excess,15-10-19 16:13,LinkDevKM #,Normal,Call Center
18a43203-47ef-e911-a812-000d3a200cf3,7u+EdckHTWi9XphcWz+0ASL9OlVe+jEFnknESp/VBuacPSJqfwAnCL+9rYT//2PekVYe9MGdhO4vmTKunD7PtA==,23-02-20 6:03,,,,Account 1,Waiting items to be received,Complaint,Product*,Excess,15-10-19 15:26,LinkDevKM #,Normal,Call Center
0d75abf8-34ef-e911-a812-000d3a200cf3,U4bYw8U3Koo8pHGrHZP/AFOGoiDXuqj+aZwtD3T50kSmwh8YsyVPxi8QMZBHvc70SiA+E0bMN+QNOp+hrlc8IA==,29-12-19 12:44,,,,Account eng,New,Requests,Cancel Order,,15-10-19 13:17,SYSTEM,Normal,Call Center
c9baade0-34ef-e911-a812-000d3a200cf3,RyCjUxsveuenhCHg6y7Td+zPfHMnhPCyDfH8nhxo3FrvXxrPWQxcjp5QJo5KLUZiWPGjyNxaiwaCU4PCmFyEiQ==,23-02-20 6:03,,,,Account eng,Waiting items to be received,Complaint,Product*,Excess,15-10-19 13:16,LinkDevKM #,Normal,Call Center
e94efd6f-30ef-e911-a812-000d3a200cf3,8eLbiNGP6WkQ/nd2rWqcCj4f/s9ieLDfo/Hn0Qr0SoiJKlwjamqT1mCYZmvRbwxcf5C3Tx3fML/3w/gdsso3jg==,29-12-19 12:44,,,,Account eng,New,Requests,Cancel Order,,15-10-19 12:45,SYSTEM,Normal,Call Center
f6b2ae89-2fef-e911-a812-000d3a200cf3,EY7/bLrFrQJ2KG6B33r7CR7sAYBfjRWVprxqq3UdadFrAqjY0rpkcUrqnfzY/is5rmD8ypA3i/MCu/CzGd59uw==,23-02-20 6:03,,,,Account eng,Waiting items to be received,Complaint,Product*,Excess,15-10-19 12:38,LinkDevKM #,Normal,Call Center
5ffe9fc4-9fee-e911-a812-000d3a200cf3,UwBBsjP0wrSPXBbmvpah3xMa1lvaPBCmV5QAoEIexoMhW688qKuOLROK6fBrRBkCiChtoeu3I8QDbDdx7+mt8Q==,23-02-20 6:03,,,,Account eng,Waiting items to be received,Complaint,Product*,Excess,14-10-19 19:29,LinkDevKM #,Normal,Call Center
7e4dbbc9-a4ea-e911-a812-000d3a200cf3,/NBKrC00U3dtGdkmoMYpt/LrOUznAb94XsPbArUZbzWI9ZQeODMSHtHX39WRIugWrqbR+mFNqR/h9qRyvm8dyA==,23-02-20 6:03,,,,aa,New,Complaint,Product*,Excess,09-10-19 17:55,LinkDevKM #,Normal,FLOW
15037b47-9eea-e911-a812-000d3a200cf3,k28IZ4e5Vk9qmUfnAA+35FCH1kL67QK4SOI0CFTRc2FrnWGrJxtjfNdgpM6ANup2/O0sJSU3MD0d7ZCx+Q2gWg==,23-02-20 6:03,,,,aa,New,Complaint,Product*,Excess,09-10-19 17:08,LinkDevKM #,Normal,FLOW
7b123957-9aea-e911-a812-000d3a200cf3,Olp3DddcG1nzjYpmSyrUWmEVuADzCiwpmcnGaQzlgiZbkik9TsnUI4gl7fszJBNTYdYNzsm+mXJl1nTp98Er1Q==,23-02-20 6:03,,,,a,New,Complaint,Product*,Excess,09-10-19 16:40,LinkDevKM #,Normal,FLOW
da64ebbc-16da-e911-a812-000d3a200e52,b0lGN+Yodka/DFOHpDZy4Z/HUOHRXNc5h5L0fF68GpYegWl7WWy956I11iW3eDKdMmXGDnVPMuXDYYlIiOqaag==,23-02-20 6:03,,web202002,505 DC Riyadh,"""Tariq Senosy",Assigned to Flow,Complaint,Product*,Damage,18-09-19 16:18,LinkDevKM #,Normal,Call Center
fcf792a6-5ed9-e911-a97f-000d3a209848,OA8xKqPf5iWaT6po8ewHhvGHzXkEM2tOqouCJg2dYQOGZIS6QWlsBnu8NtgatdkCknCeKeizPYcFjsiz74YrTA==,29-12-19 12:42,,s,503 Jeddah South Store,a,New,Complaint,Product*,Oversold*,17-09-19 18:20,LinkDevKM #,Normal,Call Center
5b11efbe-5dd9-e911-a97f-000d3a209848,81zGRai1kGeKSqtxcGlps0v9Y7/w7ld8uQMDa4W2YqOqUB/Tg2wh66SuVI/jKwhgaDuBKLekihVHCXqufzMMwA==,23-02-20 6:03,,w,505 DC Riyadh,a,Waiting items to be received,Complaint,Product*,Excess,17-09-19 18:13,LinkDevKM #,Normal,Call Center
dad12ef8-79ce-e911-a984-000d3a246b2e,1b0MHv7eIcSExlrj4/tPWd7Z2p50Lyyr7x7Skl+lEmyPa1AcKwdZBg7rcomO2ynwHwSy6gK81rS5/KzHNK8lBw==,06-09-19 7:01,,,,Account 1,New,,,,03-09-19 21:38,LinkDevKM #,Normal,Call Center
267d0190-5bce-e911-a980-000d3a247283,b2ijk+n3gLQiFrK4PW3gdUncOMlVslWihiQ5eZcVFTlJbqdNzYLMoTP6eyFfIn6Q3PIGTz6Mfo2C1vqtl9toNg==,23-02-20 6:03,,,,aa,New,Feedback,Suggestion,Negative,03-09-19 18:00,LinkDevKM #,Normal,Call Center
db5fe3b3-5ace-e911-a980-000d3a247283,DY9n8nH+g79ud67LuuyL1/z5rce1aIR5Hr4mKnxIkgPwllwHv8TfiLuxldxc4jYphfnnXwOa66Ox2QpEEbtzrQ==,23-02-20 6:03,,1,407 DC Store,aa,New,Requests,Change Home Delivery Date,,03-09-19 17:54,LinkDevKM #,Normal,Call Center
8c1aa4db-9bcd-e911-a980-000d3a247283,EJCZNvs1LLdQgmyWyyyquSZgUy6lB7aT/qmUR643i+nFodYDt+AhrioW9+J6OmCpsEgm1yvFoJrgIO6xZhrsCw==,23-02-20 6:03,,1,407 DC Store,a,Assigned to Fraud Agent,Complaint,Product*,Excess,02-09-19 19:08,LinkDevKM #,Normal,Call Center
4f00449f-bccc-e911-a977-000d3a2474d1,OK6Jnwl7lHEM4UuvyaTPWvq4oCehvzQyu6FK3UpuOIrbMqxSjlntJoWqHE+74MdsEL8cWr4Zgb446HsVopO4FA==,23-02-20 6:03,,1,407 DC Store,aa,New,Requests,Change Home Delivery Date,,01-09-19 16:30,LinkDevKM #,Normal,Call Center
4978ecf4-b2cc-e911-a980-000d3a247283,9bTljO36ZMuniENdFx3jA9FQyXdWI6iGaS3JFhXQq24H/wXg0KsnEHuor50Smvk0pHSRzoLKtc9QUWShw8OYPw==,23-02-20 6:03,,1,407 DC Store,aa,New,Requests,Change Home Delivery Date,,01-09-19 15:21,LinkDevKM #,Normal,Call Center
6841c1c8-a6cc-e911-a980-000d3a247283,rPRdoDxk020CgXm/ipCfUIzxzrrqdccnMSjLZDAfJwevzOGBtXm2CgCOGqmkUs0tduKZF0HAEMhFdH9CI5DFfQ==,23-02-20 6:03,,1,407 DC Store,aa,New,Requests,Change Home Delivery Date,,01-09-19 13:54,LinkDevKM #,Normal,Call Center
6304adf3-73ca-e911-a984-000d3a246b2e,08lJOSTRi6mM7UUIfZZv36JEJ+lKeAuwAwqCpmGnJpaFunr5rDP/VqqhQmhfC3trgK8Y7pxV93ZynSHce6nzFQ==,23-02-20 6:03,,,,tariqsenosy@gmail1.com1,New,Feedback,Suggestion,Negative,29-08-19 18:45,LinkDevKM #,Normal,Call Center
55a8d933-5aca-e911-a982-000d3a246bb7,InWtV2eYya8dt2m1QfiYLW52mq4ZN4QJdfDHAn3qvogfxqtbglmb17xTj1OoDWIhhjY3uCX6KbiW6xHX+mJKKg==,23-02-20 6:03,,1,407 DC Store,aa,New,Requests,Change Home Delivery Date,,29-08-19 15:40,LinkDevKM #,Normal,Call Center
8afb1054-d0c8-e911-a984-000d3a246b2e,6Z9PTkXkSOm71VtpQuaSyaooRG3k3C555SvhhK+T3Rgm0TL+5lXcH7t5K7/SEPwqjyZg4/g9EeUcfeD19MnDlQ==,23-02-20 6:03,,1,407 DC Store,aaa,New,Complaint,Product*,Damage,27-08-19 16:41,LinkDevKM #,Normal,Call Center
8f5eb2c8-40c7-e911-a984-000d3a246b2e,L+l+GKp3d/rAf3QEfooKNsE2w/AZKLtFZ+9BiwAfSAh7HG+v6ekRqkEei38OYtdhBms1nA9kg94uxi7qjVT9WQ==,23-02-20 6:03,,,,aa,New,Requests,Change Phone Number,,25-08-19 17:01,LinkDevKM #,Normal,Call Center
1ac8adbb-3cc7-e911-a984-000d3a246b2e,5UNlMwq1qNbqMsz2dBDx+qUMg832bt9yPx/oEQLOo60meXOIX7SFpMKJHehb0qr+N8i+oRx3CkIcI5ySzeXa2Q==,23-02-20 6:03,,,,aa,New,Requests,Change Home Delivery Date,,25-08-19 16:32,LinkDevKM #,Normal,Call Center
a192c477-3cc7-e911-a984-000d3a246b2e,BSDUP4dxN/C9Iz2gUHL/rZr8dytpHOLxPDitCVJmrVKj83pTrxDcYrTPoZNeFF4Mp1f3TgPcDjfRKdJyfUKWag==,23-02-20 6:03,,,,aa,New,Requests,Change Home Delivery Date,,25-08-19 16:30,LinkDevKM #,Normal,Call Center
f9c150e5-81c5-e911-a984-000d3a246b2e,sfhov8CGupQHgwS3UdITHa43yR2o5fAls+OWPKnGxkcqJWMBXUO+deZ4iE6vd8VXBiNG/kVSwTQkExks5zylEw==,27-08-19 17:05,,505-0650108027,505 DC Riyadh,tariqsenosy@gmail1.com1,New,Requests,Cancel Order,,23-08-19 11:42,LinkDevKM #,Normal,Call Center
ab263da3-e8c4-e911-a976-000d3a2474d1,DL916KjvfH8YulePCfZR0qAJOxRb1xxq839NRevZo/tzEImieO8Ed/j6q6YXqxPAYEbSTArXg9U0G+9teUceXQ==,27-08-19 17:05,,,,tariqsenosy@gmail1.com1,New,Requests,Cancel Order,,22-08-19 17:25,LinkDevKM #,Normal,Call Center
11e4e779-65c4-e911-a984-000d3a246b2e,/njS/EhcQEwjghJNAUgMYmFswGnrboTcYtQFNG54sb2LwNh2bRSUHoN2U270VCm55nIJkpLiMyOObsqExHrbJw==,27-08-19 17:05,,505-CRM-0000000082,505 DC Riyadh,Ahmed Ali,New,Complaint,Product*,Oversold*,22-08-19 1:46,LinkDevKM #,Normal,
0dd513df-64c4-e911-a984-000d3a246b2e,jF2HoqedkghIMs9/NTB0WcvEZOZL2vnGPAn+NS+Rcy5jmBs92RFbCITVLm8BP3Qm1/ynKmxOVskqsOIIP/epTQ==,27-08-19 17:05,,505-CRM-0000000082,505 DC Riyadh,Ahmed Ali,New,,,,22-08-19 1:41,LinkDevKM #,Normal,
9d23fd31-64c4-e911-a97f-000d3a209848,6bOggKGn+141sUdqCvWAPc54ZmRvEOXgHGq6oFpj5hYz4r0thjJ0l8IBVCwiE4Z+JASZVigSjXzgMj2HX2HS5w==,27-08-19 17:05,,505-CRM-0000000082,505 DC Riyadh,Ahmed Ali,New,,,,22-08-19 1:37,LinkDevKM #,Normal,
08ee3e91-2cc4-e911-a982-000d3a246bb7,eiVVdo08LZ+Y/akEBajblurVgrcRmsIhL6virZ+Pnwk2wdQkn07y6wZQ998oZW7fHIPYhpRRHkn69r98fgf5Og==,23-02-20 6:03,,qqq,110 Jeddah Store,a,New,Requests,Change Phone Number,,21-08-19 18:58,LinkDevKM #,Normal,Call Center
c46b1665-1ac4-e911-a982-000d3a246bb7,HGzBz9NF5JXJ6Atrzre+yeLCtaNTB6xMoJHSRvLNDbj+WpCOr510UPhVvDPmCrb3zXOmbfpW5+k9jHxg2omCeA==,27-08-19 17:05,,sss,505 DC Riyadh,a,New,Requests,Cancel Order,,21-08-19 16:48,LinkDevKM #,Normal,Call Center
65834a44-09c4-e911-a982-000d3a246bb7,ppwH2ge0Bodr1/vzx9DuOWQP4wYWlF96Jr5+oFX93V+6ZqeXbUPLPTgKKCM/5a6rCT5s7zYheK83+h3bNjIhhg==,27-08-19 17:05,,ww,503 Jeddah South Store,a,New,Requests,Cancel Order,,21-08-19 14:46,LinkDevKM #,Normal,Call Center
6086e8b2-7fc3-e911-a97d-000d3a209848,I+Irjgfyeqq29zeOm3YR0MLIs0I6oKchNn0D0AjeiR1AA1ZHb4IAxYgifDmAUbl2BSNRH4rAv7yoa+HB/jvpog==,27-08-19 17:05,,505-CRM-0000000054,505 DC Riyadh,Emad Saad,New,Requests,Cancel Order,,20-08-19 22:21,LinkDevKM #,Normal,Call Center
5fa0915a-4dc3-e911-a97d-000d3a209848,yyEqaFXzUppj5/CoXgdUzlqoxR+L/H/q+atIJYEvHZEgdKYgPYycE7YhbXn6vSGmPZ4BoGjQgU4RBxr1wJv74w==,27-08-19 17:05,,505-CRM-0000000085,505 DC Riyadh,Integration Contact,New,Requests,Cancel Order,,20-08-19 16:21,LinkDevKM #,Normal,Inter IKEA
ca41ca60-beb2-e911-a981-000d3a246bb7,FxbXQNz7hphYyoQZRO2A0nlIq6REfKW/84qot+0RNG91qqpoqOB3o4pXRHB4hoTO/c7eLf2QL8aOZ5xW3OZVBA==,23-02-20 6:03,,qqq,065 Dhahran Store,a,New,Complaint,Product*,Excess,30-07-19 14:37,LinkDevKM #,Normal,Call Center
eb9dd056-709e-e911-a980-000d3a246b2e,7RefLFcbesEQwgyqLvTUnsIFTXAhEv7skxsaLhLdsMf05dfToRGA9JwuY/qXk9bq5AOCsNHDfSkwbab5OOOKBw==,27-08-19 17:05,,,,a,New,Complaint,Product*,Oversold*,04-07-19 18:28,LinkDevKM #,Normal,Call Center
bcf63ac0-6e9e-e911-a980-000d3a246b2e,8VxPK5ZsfH4pVaYAyD5320jd3CTyIZ00TwjUolNHlgaxhfCd2PuTje3BLcqvJtLVZ96+2v/9JSssSvzWlfeRhg==,04-07-19 15:17,,,,a,New,Complaint,Product*,Oversold*,04-07-19 18:16,LinkDevKM #,Normal,Call Center
1581a92b-5f9e-e911-a980-000d3a246b2e,BNSy3NntFTd8ZqTvQ6QvthJLOdrywqwJFF/IP7iiLnrV9SwlowKCY3kc12TeY6DKvYQ99j1aLFptfsN2GJn+VA==,16-07-19 11:55,,ss,065 Dhahran Store,Account 1,New,Complaint,Product*,Oversold*,04-07-19 16:25,LinkDevKM #,Normal,Call Center
